d,n,m,delta,N,vbar0,Jhat,sd,ci_lo,ci_hi,gap,gap_pct,drop_vs_prev,drop_half
2,41,10,2.5,1000000,-233.7053149459164,-233.91168696781483,28.52683509040011,-233.967599564592,-233.85577437103765,0.2063720218984315,0.08822646896083793,nan,nan
2,81,10,1.25,1000000,-233.84514515458756,-233.9110146815309,28.518675424732645,-233.96691128536338,-233.85511807769842,0.06586952694334514,0.028160079179266648,0.140502494955112,0.00017371486066640563
2,161,10,0.625,1000000,-233.8783965163875,-233.91695176633337,28.51991089226798,-233.97285079168222,-233.86105274098452,0.03855524994585835,0.016482452278350625,0.0273142769974829,0.00014490487733484654
2,321,10,0.3125,1000000,-233.90810687395435,-233.9174664898766,28.52248527818564,-233.97337056102185,-233.86156241873135,0.009359615922249986,0.004001247133315309,0.029195634023632056,8.792655709524866e-05
4,5,10,25.0,10000,-746.5115345386812,-754.5128866691358,92.20881911221787,-756.3201795237353,-752.7055938145363,8.00135213045462,1.0604659339587028,nan,nan
4,8,10,14.285714285714286,10000,-768.7813587257643,-774.5807405148148,90.84811017863984,-776.3613634743161,-772.8001175553135,5.7993817890504715,0.7487123660208733,2.201970341404156,0.09522436438926275
4,12,10,9.090909090909092,10000,-772.8124609305505,-774.9917243160495,90.97277772065662,-776.7747907593744,-773.2086578727246,2.1792633854989845,0.2811982782683572,3.620118403551572,0.018542935763632265
4,16,10,6.666666666666667,10000,-773.864009439347,-775.4204648888889,90.59289914108972,-777.1960857120542,-773.6448440657235,1.556455449541886,0.20072406133424822,0.622807935956994,0.019653360241326
6,4,4,33.333333333333336,4000,-1487.396223876621,-1543.2532783888887,178.25247554066019,-1548.7773798373537,-1537.7291769404237,55.85705451226772,3.6194353379622077,nan,nan
6,5,4,25.0,4000,-1511.5085769508298,-1537.3428596128472,178.46929259886656,-1542.8736802915594,-1531.812038934135,25.83428266201736,1.6804502977639788,30.022771850250315,0.11346729293541896
6,6,4,20.0,4000,-1527.7184642697987,-1554.3192907760413,178.6816048662434,-1559.8566910800864,-1548.7818904719961,26.600826506242583,1.7114132639350639,-0.7665438442253034,0.1451405352365914
6,7,4,16.666666666666668,4000,-1538.0703102455718,-1558.6695103263887,178.8807259468004,-1564.2130814566522,-1553.1259391961253,20.5992000808169,1.3215886975618958,6.001626425425826,0.17977234691530372
